,,Emërtimi i artikullit,Cmimi
,,,
,,,
,,,
,,ANTIPASTAT,
,,Antipast E NGROHTE,"1000,00"
,,Antipast Mix Djathe,"700,00"
,,Antipast Mix E Ftohte,"800,00"
,,Antipaste Mix Proshut,"700,00"
,,,
,,,
,,,
,,MENGJESI,
,,Briosh.,"60,00"
,,Tost Mengjesi,130
,,,
,,,
,,,
,,,
,,FINGER FOOD CHICKEN,
,,Chicken Finger,"600,00"
,,Chicken Wings,"600,00"
,,Gjoks pule i mbushur,"500,00"
,,Grillet Chiken,"600,00"
,,Mix Salcice Zgare,"1000,00"
,,Fried Potatoes,"150,00"
,,,
,,,
,,,
,,,
,,,
,,,
,,PIZZA,
,,Pizza 4 Djatherat,"500,00"
,,Pizza Cotto Kerpurdhe,"500,00"
,,Pizza Kapricoza,"500,00"
,,Pizza Margarita,"400,00"
,,Pizza Proshut Sallam,"500,00"
,,Pizza Sallam Pikant,"500,00"
,,Pizza Tono,"500,00"
,,Club Sanduic,"200,00"
,,Fokace Brusketa,"300,00"
,,Kalcone M,"500,00"
,,Kalcone V,"300,00"
